side,entry_index,exit_index,entry_price,exit_price,stop_loss_price,take_profit_price,exit_reason,gross_return,leveraged_return,net_return
short,833,857,32752.765425,33080.293079,33080.293079,32097.710117,stop_loss,-10.000000,-100.000000,-100.800000
short,1053,1058,32730.936345,33058.245708,33058.245708,32076.317618,stop_loss,-10.000000,-100.000000,-100.800000
short,1299,1307,32726.138745,33053.400132,33053.400132,32071.615970,stop_loss,-10.000000,-100.000000,-100.800000
short,1655,1660,30153.605655,30455.141712,30455.141712,29550.533542,stop_loss,-10.000000,-100.000000,-100.800000
short,1673,1677,30114.165385,30415.307039,30415.307039,29511.882077,stop_loss,-10.000000,-100.000000,-100.800000
short,2036,2050,30388.348225,30692.231707,30692.231707,29780.581260,stop_loss,-10.000000,-100.000000,-100.800000
short,3573,3575,40433.323225,40837.656457,40837.656457,39624.656761,stop_loss,-10.000000,-100.000000,-100.800000
short,3683,3689,40751.324145,41158.837386,41158.837386,39936.297662,stop_loss,-10.000000,-100.000000,-100.800000
short,3816,3870,40795.242175,39979.337332,41203.194597,39979.337332,take_profit,20.000000,200.000000,199.200000
short,4053,4067,40562.428640,40968.052926,40968.052926,39751.180067,stop_loss,-10.000000,-100.000000,-100.800000
short,4075,4099,40542.758480,40948.186065,40948.186065,39731.903310,stop_loss,-10.000000,-100.000000,-100.800000
short,4185,4346,40552.473620,40957.998356,40957.998356,39741.424148,stop_loss,-10.000000,-100.000000,-100.800000
short,4691,4721,38283.138855,37517.476078,38665.970244,37517.476078,take_profit,20.000000,200.000000,199.200000
short,4761,4763,38326.407210,38709.671282,38709.671282,37559.879066,stop_loss,-10.000000,-100.000000,-100.800000
short,4797,4803,38337.351735,37570.604700,38720.725252,37570.604700,take_profit,20.000000,200.000000,199.200000
short,5768,5800,32957.513000,33287.088130,33287.088130,32298.362740,stop_loss,-10.000000,-100.000000,-100.800000
short,6229,6240,37259.151105,37631.742616,37631.742616,36513.968083,stop_loss,-10.000000,-100.000000,-100.800000
short,6303,6351,37268.666345,37641.353008,37641.353008,36523.293018,stop_loss,-10.000000,-100.000000,-100.800000
short,7571,7632,36932.384570,36193.736879,37301.708416,36193.736879,take_profit,20.000000,200.000000,199.200000
short,9334,9361,34822.480050,34126.030449,35170.704851,34126.030449,take_profit,20.000000,200.000000,199.200000
short,9564,9585,34826.548015,35174.813495,35174.813495,34130.017055,stop_loss,-10.000000,-100.000000,-100.800000
short,9741,9770,34841.680445,34144.846836,35190.097249,34144.846836,take_profit,20.000000,200.000000,199.200000
short,10117,10130,30183.930485,30485.769790,30485.769790,29580.251875,stop_loss,-10.000000,-100.000000,-100.800000
short,11063,11118,32000.491750,32320.496667,32320.496667,31360.481915,stop_loss,-10.000000,-100.000000,-100.800000
short,11842,11919,34183.899500,33500.221510,34525.738495,33500.221510,take_profit,20.000000,200.000000,199.200000
short,12366,12402,32056.183890,32376.745729,32376.745729,31415.060212,stop_loss,-10.000000,-100.000000,-100.800000
short,12425,12458,32034.264855,32354.607504,32354.607504,31393.579558,stop_loss,-10.000000,-100.000000,-100.800000
short,13591,13600,32079.842055,32400.640476,32400.640476,31438.245214,stop_loss,-10.000000,-100.000000,-100.800000
short,13646,13657,36368.806500,36732.494565,36732.494565,35641.430370,stop_loss,-10.000000,-100.000000,-100.800000
short,13776,13803,36264.988435,35539.688666,36627.638319,35539.688666,take_profit,20.000000,200.000000,199.200000
short,15055,15059,34160.561175,34502.166787,34502.166787,33477.349952,stop_loss,-10.000000,-100.000000,-100.800000
short,15095,15197,34135.733595,33453.018923,34477.090931,33453.018923,take_profit,20.000000,200.000000,199.200000
short,15365,15538,34147.297810,34488.770788,34488.770788,33464.351854,stop_loss,-10.000000,-100.000000,-100.800000
short,15549,15758,35299.171585,35652.163301,35652.163301,34593.188153,stop_loss,-10.000000,-100.000000,-100.800000
short,17120,17279,37938.351335,38317.734848,38317.734848,37179.584308,stop_loss,-10.000000,-100.000000,-100.800000
short,17384,17406,38880.280135,39269.082936,39269.082936,38102.674532,stop_loss,-10.000000,-100.000000,-100.800000
short,18518,18525,43244.886740,43677.335607,43677.335607,42379.989005,stop_loss,-10.000000,-100.000000,-100.800000
short,18532,18540,43377.780260,43811.558063,43811.558063,42510.224655,stop_loss,-10.000000,-100.000000,-100.800000
short,18544,18547,43462.018120,43896.638301,43896.638301,42592.777758,stop_loss,-10.000000,-100.000000,-100.800000
short,18570,18655,43130.953735,43562.263272,43562.263272,42268.334660,stop_loss,-10.000000,-100.000000,-100.800000
short,19404,19440,47294.520910,46348.630492,47767.466119,46348.630492,take_profit,20.000000,200.000000,199.200000
short,19450,19500,45897.749645,44979.794652,46356.727141,44979.794652,take_profit,20.000000,200.000000,199.200000
short,19758,19776,45624.976100,44712.476578,46081.225861,44712.476578,take_profit,20.000000,200.000000,199.200000
short,19878,19896,45638.499335,46094.884328,46094.884328,44725.729348,stop_loss,-10.000000,-100.000000,-100.800000
short,20192,20240,48412.491645,47444.241812,48896.616561,47444.241812,take_profit,20.000000,200.000000,199.200000
short,20980,21124,47110.722855,47581.830084,47581.830084,46168.508398,stop_loss,-10.000000,-100.000000,-100.800000
short,21656,21752,46846.555005,47315.020555,47315.020555,45909.623905,stop_loss,-10.000000,-100.000000,-100.800000
short,22606,22696,50056.109425,50556.670519,50556.670519,49054.987237,stop_loss,-10.000000,-100.000000,-100.800000
short,24579,24684,56747.751930,57315.229449,57315.229449,55612.796891,stop_loss,-10.000000,-100.000000,-100.800000
short,25564,25577,50885.534505,49867.823815,51394.389850,49867.823815,take_profit,20.000000,200.000000,199.200000
short,26657,26659,50846.843860,51355.312299,51355.312299,49829.906983,stop_loss,-10.000000,-100.000000,-100.800000
short,27835,27866,46051.302830,46511.815858,46511.815858,45130.276773,stop_loss,-10.000000,-100.000000,-100.800000
short,27931,27964,44922.667430,44024.214081,45371.894104,44024.214081,take_profit,20.000000,200.000000,199.200000
short,28120,28154,44338.669575,43451.896184,44782.056271,43451.896184,take_profit,20.000000,200.000000,199.200000
short,28994,29132,49229.113130,48244.530867,49721.404261,48244.530867,take_profit,20.000000,200.000000,199.200000
short,31385,31482,50586.094300,51091.955243,51091.955243,49574.372414,stop_loss,-10.000000,-100.000000,-100.800000
short,31495,31533,50571.001850,51076.711869,51076.711869,49559.581813,stop_loss,-10.000000,-100.000000,-100.800000
short,31566,31673,50637.848410,51144.226894,51144.226894,49625.091442,stop_loss,-10.000000,-100.000000,-100.800000
short,31759,31844,50600.667010,49588.653670,51106.673680,49588.653670,take_profit,20.000000,200.000000,199.200000
short,31946,31991,50590.612040,51096.518160,51096.518160,49578.799799,stop_loss,-10.000000,-100.000000,-100.800000
short,32003,32070,50773.840380,51281.578784,51281.578784,49758.363572,stop_loss,-10.000000,-100.000000,-100.800000
short,33440,33489,56551.729990,57117.247290,57117.247290,55420.695390,stop_loss,-10.000000,-100.000000,-100.800000
short,33835,33869,56483.813965,55354.137686,57048.652105,55354.137686,take_profit,20.000000,200.000000,199.200000
short,34296,34300,59403.873205,59997.911937,59997.911937,58215.795741,stop_loss,-10.000000,-100.000000,-100.800000
short,34881,34884,59410.679800,60004.786598,60004.786598,58222.466204,stop_loss,-10.000000,-100.000000,-100.800000
short,35210,35227,58058.956000,56897.776880,58639.545560,56897.776880,take_profit,20.000000,200.000000,199.200000
short,35302,35323,56640.615525,57207.021680,57207.021680,55507.803215,stop_loss,-10.000000,-100.000000,-100.800000
short,35333,35389,56818.336620,55681.969888,57386.519986,55681.969888,take_profit,20.000000,200.000000,199.200000
short,35443,35520,56641.665000,55508.831700,57208.081650,55508.831700,take_profit,20.000000,200.000000,199.200000
short,36836,36856,59403.993145,58215.913282,59998.033076,58215.913282,take_profit,20.000000,200.000000,199.200000
short,37364,37425,59410.709785,58222.495589,60004.816883,58222.495589,take_profit,20.000000,200.000000,199.200000
short,37680,37706,59238.525920,59830.911179,59830.911179,58053.755402,stop_loss,-10.000000,-100.000000,-100.800000
short,38240,38246,56837.756905,57406.134474,57406.134474,55701.001767,stop_loss,-10.000000,-100.000000,-100.800000
short,38674,38799,56769.601000,55634.208980,57337.297010,55634.208980,take_profit,20.000000,200.000000,199.200000
short,39123,39208,55053.099680,55603.630677,55603.630677,53952.037686,stop_loss,-10.000000,-100.000000,-100.800000
short,39267,39368,55094.099170,53992.217187,55645.040162,53992.217187,take_profit,20.000000,200.000000,199.200000
short,41077,41120,54452.590085,54997.115986,54997.115986,53363.538283,stop_loss,-10.000000,-100.000000,-100.800000
short,41600,41662,56275.488180,55149.978416,56838.243062,55149.978416,take_profit,20.000000,200.000000,199.200000
short,42672,42849,58762.823890,59350.452129,59350.452129,57587.567412,stop_loss,-10.000000,-100.000000,-100.800000
short,42980,43021,58258.006425,58840.586489,58840.586489,57092.846297,stop_loss,-10.000000,-100.000000,-100.800000
short,43425,43461,58311.269780,58894.382478,58894.382478,57145.044384,stop_loss,-10.000000,-100.000000,-100.800000
short,43565,43584,58265.682585,58848.339411,58848.339411,57100.368933,stop_loss,-10.000000,-100.000000,-100.800000
short,45416,45600,58803.133725,59391.165062,59391.165062,57627.071051,stop_loss,-10.000000,-100.000000,-100.800000
short,45651,45887,58876.996775,57699.456839,59465.766743,57699.456839,take_profit,20.000000,200.000000,199.200000
short,46652,46831,57000.995245,57571.005197,57571.005197,55860.975340,stop_loss,-10.000000,-100.000000,-100.800000
short,47592,47603,59096.227105,59687.189376,59687.189376,57914.302563,stop_loss,-10.000000,-100.000000,-100.800000
short,47619,47881,61221.503935,59997.073856,61833.718974,59997.073856,take_profit,20.000000,200.000000,199.200000
short,48636,49124,60882.423560,61491.247796,61491.247796,59664.775089,stop_loss,-10.000000,-100.000000,-100.800000
short,49147,49156,62609.459610,63235.554206,63235.554206,61357.270418,stop_loss,-10.000000,-100.000000,-100.800000
short,49316,49533,63306.580875,63939.646684,63939.646684,62040.449258,stop_loss,-10.000000,-100.000000,-100.800000
short,49811,49909,62440.704030,63065.111070,63065.111070,61191.889949,stop_loss,-10.000000,-100.000000,-100.800000
short,51500,51547,55997.507240,54877.557095,56557.482312,54877.557095,take_profit,20.000000,200.000000,199.200000
short,51773,51858,56068.961495,56629.651110,56629.651110,54947.582265,stop_loss,-10.000000,-100.000000,-100.800000
short,51958,51978,56539.296210,57104.689172,57104.689172,55408.510286,stop_loss,-10.000000,-100.000000,-100.800000
short,52048,52075,56540.965375,57106.375029,57106.375029,55410.146067,stop_loss,-10.000000,-100.000000,-100.800000
short,52112,52135,56480.405670,55350.797557,57045.209727,55350.797557,take_profit,20.000000,200.000000,199.200000
short,52188,52225,55225.613380,55777.869514,55777.869514,54121.101112,stop_loss,-10.000000,-100.000000,-100.800000
short,52327,52371,54933.789365,53835.113578,55483.127259,53835.113578,take_profit,20.000000,200.000000,199.200000
short,53530,53637,54989.841325,53890.044498,55539.739738,53890.044498,take_profit,20.000000,200.000000,199.200000
short,53966,53991,49476.039605,49970.800001,49970.800001,48486.518813,stop_loss,-10.000000,-100.000000,-100.800000
short,54175,54254,50967.243630,49947.898757,51476.916066,49947.898757,take_profit,20.000000,200.000000,199.200000
short,54467,54550,49428.753260,49923.040793,49923.040793,48440.178195,stop_loss,-10.000000,-100.000000,-100.800000
short,55189,55203,49006.944270,49497.013713,49497.013713,48026.805385,stop_loss,-10.000000,-100.000000,-100.800000
short,55535,55545,53217.947715,53750.127192,53750.127192,52153.588761,stop_loss,-10.000000,-100.000000,-100.800000
short,55638,55644,53233.759805,53766.097403,53766.097403,52169.084609,stop_loss,-10.000000,-100.000000,-100.800000
short,56288,56380,54000.706140,54540.713201,54540.713201,52920.692017,stop_loss,-10.000000,-100.000000,-100.800000
short,56508,56559,54709.391620,55256.485536,55256.485536,53615.203788,stop_loss,-10.000000,-100.000000,-100.800000
short,56565,56735,54711.900365,53617.662358,55259.019369,53617.662358,take_profit,20.000000,200.000000,199.200000
short,58319,58590,57129.590915,57700.886824,57700.886824,55986.999097,stop_loss,-10.000000,-100.000000,-100.800000
short,58624,58710,58107.831550,58688.909866,58688.909866,56945.674919,stop_loss,-10.000000,-100.000000,-100.800000
short,59080,59244,55876.117965,56434.879145,56434.879145,54758.595606,stop_loss,-10.000000,-100.000000,-100.800000
short,59290,59341,55843.394335,54726.526448,56401.828278,54726.526448,take_profit,20.000000,200.000000,199.200000
short,59737,59815,55827.732170,56386.009492,56386.009492,54711.177527,stop_loss,-10.000000,-100.000000,-100.800000
short,60697,60732,56644.113775,57210.554913,57210.554913,55511.231499,stop_loss,-10.000000,-100.000000,-100.800000
short,61260,61279,58899.735400,57721.740692,59488.732754,57721.740692,take_profit,20.000000,200.000000,199.200000
short,61720,61864,57387.162065,57961.033686,57961.033686,56239.418824,stop_loss,-10.000000,-100.000000,-100.800000
short,62200,62238,57425.522875,57999.778104,57999.778104,56277.012418,stop_loss,-10.000000,-100.000000,-100.800000
short,62424,62446,55237.747310,55790.124783,55790.124783,54132.992364,stop_loss,-10.000000,-100.000000,-100.800000
short,62475,62538,55193.049670,55744.980167,55744.980167,54089.188677,stop_loss,-10.000000,-100.000000,-100.800000
short,62654,62679,55219.246565,55771.439031,55771.439031,54114.861634,stop_loss,-10.000000,-100.000000,-100.800000
short,63440,63499,50745.434590,51252.888936,51252.888936,49730.525898,stop_loss,-10.000000,-100.000000,-100.800000
short,63517,63553,50758.088260,49742.926495,51265.669143,49742.926495,take_profit,20.000000,200.000000,199.200000
short,65131,65169,47350.842735,46403.825880,47824.351162,46403.825880,take_profit,20.000000,200.000000,199.200000
short,65432,65440,44851.642960,45300.159390,45300.159390,43954.610101,stop_loss,-10.000000,-100.000000,-100.800000
short,65497,65506,44672.032810,45118.753138,45118.753138,43778.592154,stop_loss,-10.000000,-100.000000,-100.800000
short,65962,65973,44871.662945,45320.379574,45320.379574,43974.229686,stop_loss,-10.000000,-100.000000,-100.800000
short,66364,66384,39872.973540,39075.514069,40271.703275,39075.514069,take_profit,20.000000,200.000000,199.200000
short,66488,66494,38315.152840,37548.849783,38698.304368,37548.849783,take_profit,20.000000,200.000000,199.200000
short,66613,66621,38326.247290,38709.509763,38709.509763,37559.722344,stop_loss,-10.000000,-100.000000,-100.800000
short,66625,66628,38304.688075,38687.734956,38687.734956,37538.594313,stop_loss,-10.000000,-100.000000,-100.800000
short,66680,66681,38311.834500,38694.952845,38694.952845,37545.597810,stop_loss,-10.000000,-100.000000,-100.800000
short,66783,66800,38390.285255,38774.188108,38774.188108,37622.479550,stop_loss,-10.000000,-100.000000,-100.800000
short,67055,67056,38430.775000,38815.082750,38815.082750,37662.159500,stop_loss,-10.000000,-100.000000,-100.800000
short,67483,67484,41473.882685,40644.405031,41888.621512,40644.405031,take_profit,20.000000,200.000000,199.200000
short,68632,68640,34538.212255,34883.594378,34883.594378,33847.448010,stop_loss,-10.000000,-100.000000,-100.800000
short,69135,69162,39465.477390,38676.167842,39860.132164,38676.167842,take_profit,20.000000,200.000000,199.200000
short,69654,69728,39463.418420,39858.052604,39858.052604,38674.150052,stop_loss,-10.000000,-100.000000,-100.800000
short,69997,70007,38242.739065,38625.166456,38625.166456,37477.884284,stop_loss,-10.000000,-100.000000,-100.800000
short,70109,70142,38197.701595,37433.747563,38579.678611,37433.747563,take_profit,20.000000,200.000000,199.200000
short,71193,71222,36138.181870,35415.418233,36499.563689,35415.418233,take_profit,20.000000,200.000000,199.200000
short,72473,72498,37381.309995,37755.123095,37755.123095,36633.683795,stop_loss,-10.000000,-100.000000,-100.800000
short,72508,72553,37373.074115,36625.612633,37746.804856,36625.612633,take_profit,20.000000,200.000000,199.200000
short,72761,72781,37178.951225,36435.372201,37550.740737,36435.372201,take_profit,20.000000,200.000000,199.200000
short,73103,73229,37118.901265,37490.090278,37490.090278,36376.523240,stop_loss,-10.000000,-100.000000,-100.800000
short,73602,73634,38716.632000,39103.798320,39103.798320,37942.299360,stop_loss,-10.000000,-100.000000,-100.800000
short,73744,73901,38721.479575,39108.694371,39108.694371,37947.049983,stop_loss,-10.000000,-100.000000,-100.800000
short,74014,74033,37592.944125,36841.085242,37968.873566,36841.085242,take_profit,20.000000,200.000000,199.200000
short,74210,74230,36481.040355,36845.850759,36845.850759,35751.419548,stop_loss,-10.000000,-100.000000,-100.800000
short,75000,75156,36381.800000,35654.164000,36745.618000,35654.164000,take_profit,20.000000,200.000000,199.200000
short,75365,75395,36120.070930,36481.271639,36481.271639,35397.669511,stop_loss,-10.000000,-100.000000,-100.800000
short,76733,76765,36405.428180,36769.482462,36769.482462,35677.319616,stop_loss,-10.000000,-100.000000,-100.800000
short,76972,76990,36438.441665,36802.826082,36802.826082,35709.672832,stop_loss,-10.000000,-100.000000,-100.800000
short,77377,77481,37063.449005,37434.083495,37434.083495,36322.180025,stop_loss,-10.000000,-100.000000,-100.800000
short,77658,77791,37067.037210,36325.696466,37437.707582,36325.696466,take_profit,20.000000,200.000000,199.200000
short,77980,78012,35606.987600,35963.057476,35963.057476,34894.847848,stop_loss,-10.000000,-100.000000,-100.800000
short,78041,78171,35652.944610,36009.474056,36009.474056,34939.885718,stop_loss,-10.000000,-100.000000,-100.800000
short,78219,78312,35661.120520,34947.898110,36017.731725,34947.898110,take_profit,20.000000,200.000000,199.200000
short,78411,78457,35650.755705,36007.263262,36007.263262,34937.740591,stop_loss,-10.000000,-100.000000,-100.800000
short,78655,78749,38879.030760,39267.821068,39267.821068,38101.450145,stop_loss,-10.000000,-100.000000,-100.800000
short,78766,78814,38859.750405,39248.347909,39248.347909,38082.555397,stop_loss,-10.000000,-100.000000,-100.800000
short,78895,78973,38976.671915,39366.438634,39366.438634,38197.138477,stop_loss,-10.000000,-100.000000,-100.800000
short,79059,79200,40119.050440,40520.240944,40520.240944,39316.669431,stop_loss,-10.000000,-100.000000,-100.800000
short,79201,79205,40184.067915,40585.908594,40585.908594,39380.386557,stop_loss,-10.000000,-100.000000,-100.800000
short,79244,79558,40167.266320,40568.938983,40568.938983,39363.920994,stop_loss,-10.000000,-100.000000,-100.800000
short,79589,79901,40102.548695,39300.497721,40503.574182,39300.497721,take_profit,20.000000,200.000000,199.200000
short,80782,80923,37601.199995,36849.175995,37977.211995,36849.175995,take_profit,20.000000,200.000000,199.200000
short,82173,82178,33751.895610,34089.414566,34089.414566,33076.857698,stop_loss,-10.000000,-100.000000,-100.800000
short,82856,82859,30102.351295,30403.374808,30403.374808,29500.304269,stop_loss,-10.000000,-100.000000,-100.800000
short,84963,84989,32352.365725,32675.889382,32675.889382,31705.318411,stop_loss,-10.000000,-100.000000,-100.800000
short,86092,86131,35163.119645,35514.750841,35514.750841,34459.857252,stop_loss,-10.000000,-100.000000,-100.800000
short,86940,87015,34341.830495,33654.993885,34685.248800,33654.993885,take_profit,20.000000,200.000000,199.200000
short,88289,88317,34316.343245,34659.506677,34659.506677,33630.016380,stop_loss,-10.000000,-100.000000,-100.800000
short,88347,88406,34371.525640,34715.240896,34715.240896,33684.095127,stop_loss,-10.000000,-100.000000,-100.800000
short,88453,88480,35243.039665,35595.470062,35595.470062,34538.178872,stop_loss,-10.000000,-100.000000,-100.800000
short,88578,88645,35202.919735,35554.948932,35554.948932,34498.861340,stop_loss,-10.000000,-100.000000,-100.800000
short,90175,90238,34505.438650,33815.329877,34850.493036,33815.329877,take_profit,20.000000,200.000000,199.200000
short,90902,90984,32828.567505,33156.853180,33156.853180,32171.996155,stop_loss,-10.000000,-100.000000,-100.800000
short,91547,91685,33389.576860,33723.472629,33723.472629,32721.785323,stop_loss,-10.000000,-100.000000,-100.800000
short,92347,92426,34102.920010,33420.861610,34443.949210,33420.861610,take_profit,20.000000,200.000000,199.200000
short,92955,93188,32750.666475,32095.653146,33078.173140,32095.653146,take_profit,20.000000,200.000000,199.200000
short,94733,95068,31799.962065,32117.961686,32117.961686,31163.962824,stop_loss,-10.000000,-100.000000,-100.800000
short,95490,95771,31574.185010,30942.701310,31889.926860,30942.701310,take_profit,20.000000,200.000000,199.200000
short,96563,96565,29910.457290,30209.561863,30209.561863,29312.248144,stop_loss,-10.000000,-100.000000,-100.800000
short,97882,97892,32618.572555,32944.758281,32944.758281,31966.201104,stop_loss,-10.000000,-100.000000,-100.800000
short,98385,98402,33938.962030,34278.351650,34278.351650,33260.182789,stop_loss,-10.000000,-100.000000,-100.800000
short,99900,99910,39585.407395,39981.261469,39981.261469,38793.699247,stop_loss,-10.000000,-100.000000,-100.800000
short,99979,100039,39503.268485,39898.301170,39898.301170,38713.203115,stop_loss,-10.000000,-100.000000,-100.800000
short,100788,100973,40270.564645,39465.153352,40673.270291,39465.153352,take_profit,20.000000,200.000000,199.200000
short,101195,101199,39233.733320,39626.070653,39626.070653,38449.058654,stop_loss,-10.000000,-100.000000,-100.800000
short,101562,101583,41167.475965,41579.150725,41579.150725,40344.126446,stop_loss,-10.000000,-100.000000,-100.800000
short,101632,101691,41190.404495,41602.308540,41602.308540,40366.596405,stop_loss,-10.000000,-100.000000,-100.800000
short,102032,102209,41444.267500,40615.382150,41858.710175,40615.382150,take_profit,20.000000,200.000000,199.200000
short,103017,103457,38171.174865,38552.886614,38552.886614,37407.751368,stop_loss,-10.000000,-100.000000,-100.800000
short,103855,103876,38763.898355,37988.620388,39151.537339,37988.620388,take_profit,20.000000,200.000000,199.200000
short,104771,104821,43084.836805,43515.685173,43515.685173,42223.140069,stop_loss,-10.000000,-100.000000,-100.800000
short,105621,105659,42999.509490,43429.504585,43429.504585,42139.519300,stop_loss,-10.000000,-100.000000,-100.800000
short,106115,106409,45866.285385,44948.959677,46324.948239,44948.959677,take_profit,20.000000,200.000000,199.200000
short,107169,107230,45077.320065,45528.093266,45528.093266,44175.773664,stop_loss,-10.000000,-100.000000,-100.800000
short,107283,107369,44930.823350,44032.206883,45380.131584,44032.206883,take_profit,20.000000,200.000000,199.200000
short,110820,110887,46562.267220,47027.889892,47027.889892,45631.021876,stop_loss,-10.000000,-100.000000,-100.800000
short,111582,111616,48541.986865,49027.406734,49027.406734,47571.147128,stop_loss,-10.000000,-100.000000,-100.800000
short,111923,112047,48903.466035,49392.500695,49392.500695,47925.396714,stop_loss,-10.000000,-100.000000,-100.800000
short,112094,112303,48912.521505,49401.646720,49401.646720,47934.271075,stop_loss,-10.000000,-100.000000,-100.800000
short,113357,113397,47967.014495,48446.684640,48446.684640,47007.674205,stop_loss,-10.000000,-100.000000,-100.800000
short,114271,114322,47642.566800,46689.715464,48118.992468,46689.715464,take_profit,20.000000,200.000000,199.200000
short,114520,114530,47607.904140,48083.983181,48083.983181,46655.746057,stop_loss,-10.000000,-100.000000,-100.800000
short,114782,115217,48936.759380,49426.126974,49426.126974,47958.024192,stop_loss,-10.000000,-100.000000,-100.800000
short,116346,116393,47499.718260,47974.715443,47974.715443,46549.723895,stop_loss,-10.000000,-100.000000,-100.800000
short,116495,116971,47487.084580,47961.955426,47961.955426,46537.342888,stop_loss,-10.000000,-100.000000,-100.800000
short,117627,117658,48471.152300,48955.863823,48955.863823,47501.729254,stop_loss,-10.000000,-100.000000,-100.800000
short,117695,117813,49694.660240,50191.606842,50191.606842,48700.767035,stop_loss,-10.000000,-100.000000,-100.800000
short,117877,118064,50691.221710,49677.397276,51198.133927,49677.397276,take_profit,20.000000,200.000000,199.200000
short,118959,118977,50697.648495,51204.624980,51204.624980,49683.695525,stop_loss,-10.000000,-100.000000,-100.800000
short,118995,119481,51654.279940,52170.822739,52170.822739,50621.194341,stop_loss,-10.000000,-100.000000,-100.800000
short,119833,119885,47395.450420,46447.541412,47869.404924,46447.541412,take_profit,20.000000,200.000000,199.200000
short,119892,120119,47076.310070,46134.783869,47547.073171,46134.783869,take_profit,20.000000,200.000000,199.200000
short,120759,121131,46852.791885,45915.736047,47321.319804,45915.736047,take_profit,20.000000,200.000000,199.200000
short,122120,122382,45807.604740,46265.680787,46265.680787,44891.452645,stop_loss,-10.000000,-100.000000,-100.800000
short,122672,122674,45854.031515,46312.571830,46312.571830,44936.950885,stop_loss,-10.000000,-100.000000,-100.800000
short,123023,123130,45770.113495,46227.814630,46227.814630,44854.711225,stop_loss,-10.000000,-100.000000,-100.800000
short,124626,124880,47497.659290,47972.635883,47972.635883,46547.706104,stop_loss,-10.000000,-100.000000,-100.800000
short,126674,126696,41731.963580,40897.324308,42149.283216,40897.324308,take_profit,20.000000,200.000000,199.200000
short,126743,126745,41649.234965,42065.727315,42065.727315,40816.250266,stop_loss,-10.000000,-100.000000,-100.800000
short,127037,127080,43139.919250,43571.318442,43571.318442,42277.120865,stop_loss,-10.000000,-100.000000,-100.800000
short,127247,127269,43637.160505,44073.532110,44073.532110,42764.417295,stop_loss,-10.000000,-100.000000,-100.800000
short,127451,127475,43616.430875,44052.595184,44052.595184,42744.102258,stop_loss,-10.000000,-100.000000,-100.800000
short,127524,127542,43632.922625,44069.251851,44069.251851,42760.264172,stop_loss,-10.000000,-100.000000,-100.800000
short,128593,128792,42573.272715,41721.807261,42999.005442,41721.807261,take_profit,20.000000,200.000000,199.200000
short,130739,130814,43026.595940,43456.861899,43456.861899,42166.064021,stop_loss,-10.000000,-100.000000,-100.800000
short,130840,130930,43028.475000,43458.759750,43458.759750,42167.905500,stop_loss,-10.000000,-100.000000,-100.800000
short,132919,132952,48904.195670,49393.237627,49393.237627,47926.111757,stop_loss,-10.000000,-100.000000,-100.800000
short,133082,133139,49333.311005,49826.644115,49826.644115,48346.644785,stop_loss,-10.000000,-100.000000,-100.800000
short,133474,133546,51169.852275,51681.550798,51681.550798,50146.455229,stop_loss,-10.000000,-100.000000,-100.800000
short,133874,134109,55221.895240,54117.457335,55774.114192,54117.457335,take_profit,20.000000,200.000000,199.200000
short,135529,135768,55824.713680,56382.960817,56382.960817,54708.219406,stop_loss,-10.000000,-100.000000,-100.800000
short,135910,135982,56235.848010,56798.206490,56798.206490,55111.131050,stop_loss,-10.000000,-100.000000,-100.800000
short,140598,140773,65807.609735,64491.457540,66465.685832,64491.457540,take_profit,20.000000,200.000000,199.200000
short,141709,141833,60996.686400,61606.653264,61606.653264,59776.752672,stop_loss,-10.000000,-100.000000,-100.800000
short,141915,142389,60965.841830,59746.524993,61575.500248,59746.524993,take_profit,20.000000,200.000000,199.200000
short,143392,143478,62338.864975,61092.087676,62962.253625,61092.087676,take_profit,20.000000,200.000000,199.200000
short,143489,143609,60683.643000,61290.479430,61290.479430,59469.970140,stop_loss,-10.000000,-100.000000,-100.800000
short,143697,144170,59180.914740,59772.723887,59772.723887,57997.296445,stop_loss,-10.000000,-100.000000,-100.800000
short,144374,144376,59147.391510,59738.865425,59738.865425,57964.443680,stop_loss,-10.000000,-100.000000,-100.800000
short,145257,145361,61232.878245,61845.207027,61845.207027,60008.220680,stop_loss,-10.000000,-100.000000,-100.800000
short,145560,145999,61286.421460,60060.693031,61899.285675,60060.693031,take_profit,20.000000,200.000000,199.200000
short,146024,146061,60715.047290,61322.197763,61322.197763,59500.746344,stop_loss,-10.000000,-100.000000,-100.800000
short,146330,146407,60739.225195,61346.617447,61346.617447,59524.440691,stop_loss,-10.000000,-100.000000,-100.800000
short,148078,148819,61351.328990,61964.842280,61964.842280,60124.302410,stop_loss,-10.000000,-100.000000,-100.800000
short,150637,150656,67145.420495,65802.512085,67816.874700,65802.512085,take_profit,20.000000,200.000000,199.200000
short,150675,150909,64898.314610,65547.297756,65547.297756,63600.348318,stop_loss,-10.000000,-100.000000,-100.800000
short,150989,151422,64964.661420,63665.368192,65614.308034,63665.368192,take_profit,20.000000,200.000000,199.200000
short,152605,152636,64579.024335,65224.814578,65224.814578,63287.443848,stop_loss,-10.000000,-100.000000,-100.800000
short,152856,152952,65889.298870,64571.512893,66548.191859,64571.512893,take_profit,20.000000,200.000000,199.200000
short,154035,154086,59953.798105,60553.336086,60553.336086,58754.722143,stop_loss,-10.000000,-100.000000,-100.800000
short,154168,154383,59986.861565,58787.124334,60586.730181,58787.124334,take_profit,20.000000,200.000000,199.200000
short,154432,154539,57831.109980,56674.487780,58409.421080,56674.487780,take_profit,20.000000,200.000000,199.200000
short,154842,155043,57811.089995,58389.200895,58389.200895,56654.868195,stop_loss,-10.000000,-100.000000,-100.800000
short,155740,155858,59254.058150,59846.598731,59846.598731,58068.976987,stop_loss,-10.000000,-100.000000,-100.800000
short,155914,156004,59310.739795,58124.524999,59903.847193,58124.524999,take_profit,20.000000,200.000000,199.200000
short,156140,156271,57482.694275,58057.521218,58057.521218,56333.040389,stop_loss,-10.000000,-100.000000,-100.800000
short,156996,157246,57173.169115,56029.705733,57744.900806,56029.705733,take_profit,20.000000,200.000000,199.200000
short,157276,157451,57054.558450,57625.104035,57625.104035,55913.467281,stop_loss,-10.000000,-100.000000,-100.800000
short,157575,157604,57256.987185,57829.557057,57829.557057,56111.847441,stop_loss,-10.000000,-100.000000,-100.800000
short,157978,158074,58183.463715,57019.794441,58765.298352,57019.794441,take_profit,20.000000,200.000000,199.200000
short,159325,159343,56523.863930,57089.102569,57089.102569,55393.386651,stop_loss,-10.000000,-100.000000,-100.800000
short,160014,160073,56965.772865,57535.430594,57535.430594,55826.457408,stop_loss,-10.000000,-100.000000,-100.800000
short,160900,160969,56583.963865,57149.803504,57149.803504,55452.284588,stop_loss,-10.000000,-100.000000,-100.800000
short,161083,161100,56598.666510,57164.653175,57164.653175,55466.693180,stop_loss,-10.000000,-100.000000,-100.800000
short,161318,161480,56566.502600,57132.167626,57132.167626,55435.172548,stop_loss,-10.000000,-100.000000,-100.800000
short,161720,161752,53153.410000,53684.944100,53684.944100,52090.341800,stop_loss,-10.000000,-100.000000,-100.800000
short,161794,161854,53049.671895,51988.678457,53580.168614,51988.678457,take_profit,20.000000,200.000000,199.200000
short,162854,162881,48440.907430,48925.316504,48925.316504,47472.089281,stop_loss,-10.000000,-100.000000,-100.800000
short,163059,163156,49088.173635,49579.055371,49579.055371,48106.410162,stop_loss,-10.000000,-100.000000,-100.800000
short,163662,163898,50354.220295,49347.135889,50857.762498,49347.135889,take_profit,20.000000,200.000000,199.200000
short,163968,163975,49807.683700,50305.760537,50305.760537,48811.530026,stop_loss,-10.000000,-100.000000,-100.800000
short,166491,166522,46469.203775,46933.895813,46933.895813,45539.819700,stop_loss,-10.000000,-100.000000,-100.800000
short,167312,167356,47763.106500,46807.844370,48240.737565,46807.844370,take_profit,20.000000,200.000000,199.200000
short,167690,167753,48740.757430,49228.165004,49228.165004,47765.942281,stop_loss,-10.000000,-100.000000,-100.800000
short,167773,167962,48704.315660,47730.229347,49191.358817,47730.229347,take_profit,20.000000,200.000000,199.200000
short,168311,168325,46271.122865,46733.834094,46733.834094,45345.700408,stop_loss,-10.000000,-100.000000,-100.800000
short,168442,168595,46288.484180,46751.369022,46751.369022,45362.714496,stop_loss,-10.000000,-100.000000,-100.800000
short,168659,168678,46285.715565,46748.572721,46748.572721,45360.001254,stop_loss,-10.000000,-100.000000,-100.800000
short,169176,169240,47182.406995,47654.231065,47654.231065,46238.758855,stop_loss,-10.000000,-100.000000,-100.800000
short,171745,172166,51538.607805,50507.835649,52053.993883,50507.835649,take_profit,20.000000,200.000000,199.200000
short,173087,173151,51341.826245,51855.244507,51855.244507,50314.989720,stop_loss,-10.000000,-100.000000,-100.800000
short,174534,174617,47213.251565,47685.384081,47685.384081,46268.986534,stop_loss,-10.000000,-100.000000,-100.800000
short,174670,174888,47208.194095,47680.276036,47680.276036,46264.030213,stop_loss,-10.000000,-100.000000,-100.800000